{"cameraMode":{"drawMode":0,"name":"Shaded","section":"Shading Mode"},"sceneLighting":true,"audioPlay":false,"sceneViewState":{"m_AlwaysRefresh":false,"showFog":true,"showSkybox":false,"showFlares":true,"showImageEffects":true,"showParticleSystems":true,"showVisualEffectGraphs":true,"m_FxEnabled":true},"in2DMode":false,"pivot":{"x":10.021284103393555,"y":2.8298587799072267,"z":0.7968378067016602},"rotation":{"x":0.009186653420329094,"y":-0.015008469112217427,"z":0.00033944955794140697,"w":0.9998483657836914},"size":28.84931182861328,"orthographic":false}